"country_code","COUNT"
"AT",7653
"HK",24286
"NZ",1113
"VN",3378
"CO",9533
"SA",5067
"AR",1803
"AM",96
"BG",354
"EU",30
"SV",242
"CY",69
"BB",10
"IT",24404
"HR",268
"CG",9
"FO",2
"KG",8
"UG",20
"ZM",2
"NA",4
"FI",21956
"CZ",2218
"ID",3376
"AE",12683
"KE",387
"MA",1307
"BD",227
"DZ",106
"UY",151
"HU",944
"NC",21
"MK",14
"ET",41
"MO",14
"JO",37
"GA",7
"CD",45
"PT",4950
"TG",318
"ME",3
,16
"AL",68
"MG",15
"AD",10
"IM",1
"CA",260109
"CH",64248
"MX",7956
"CR",880
"KZ",699
"TR",1855
"EE",1670
"PR",4150
"IN",76999
"NI",3
"ST",1
"SG",1315394
"DE",380384
"SE",92720
"EC",460
"EG",599
"NO",1373
"DO",323
"CI",26
"ML",20
"RS",274
"BF",1
"MM",7
"SD",4
"MR",2
"JP",1010667
"CL",13846
"BR",165215
"FR",69496
"RU",18723
"PA",662
"TN",467
"NP",56
"AO",18
"QA",81
"LB",157
"PS",27
"PL",86448
"GR",938
"HN",11
"RW",17
"VG",2
"YE",3
"PG",2
"VC",4
"BE",235756
"PH",1626
"ZA",93648
"KR",22082
"MU",160
"UA",1493
"ZW",134
"LT",2027
"GE",728
"IS",230
"CM",154
"NG",248
"IR",2256
"KH",32
"GH",64
"LY",75
"GF",30
"LU",230
"GI",22
"TT",5
"KW",2
"LI",4
"BW",2
"SC",1
"MC",4
"IE",1316811
"PE",2037
"IL",6783
"ES",15243
"AU",687446
"CN",25858
"LV",1282
"SK",1054
"DK",2692
"TW",6420
"BA",59
"BH",126
"UZ",98
"OM",15
"RO",608
"SI",354
"MW",8
"BY",51
"MD",16
"US",22071307
"NL",1575671
"GB",133302
"GT",1121
"MY",5907
"TH",5377
"PK",319
"LK",328
"BO",35
"AZ",111
"MT",430
"PY",70
"VE",55
"SN",5
"IQ",92
"MN",2
"JM",6
"GD",1
"GY",1
