"first_year_month","max_version_prefix","count"
"2024-11","0.17",2
"2024-11","0.18",44
"2024-11","0.19",284
"2024-12","0.17",1
"2024-12","0.18",41
"2024-12","0.19",240
"2025-01","0.18",34
"2025-01","0.19",286
"2025-02","0.18",27
"2025-02","0.19",267
"2025-03","0.18",26
"2025-03","0.19",331
"2025-04","0.18",26
"2025-04","0.19",312
"2025-05","0.17",1
"2025-05","0.18",23
"2025-05","0.19",319
"2025-06","0.17",1
"2025-06","0.18",23
"2025-06","0.19",301
"2025-07","0.18",20
"2025-07","0.19",305
"2025-07","1.0.",25
"2025-08","0.18",9
"2025-08","0.19",176
"2025-08","1.0.",139
"2025-09","0.18",5
"2025-09","0.19",179
"2025-09","1.0.",162
"2025-10","0.18",18
"2025-10","0.19",184
"2025-10","1.0.",213
"2025-11","0.18",15
"2025-11","0.19",158
"2025-11","1.0.",211
"2025-11","1.1.",7
"2025-12","0.18",13
"2025-12","0.19",124
"2025-12","1.0.",61
"2025-12","1.1.",82
"2026-01","0.18",11
"2026-01","0.19",130
"2026-01","1.0.",64
"2026-01","1.1.",108
"2026-01","1.2.",5
"2026-02","0.18",8
"2026-02","0.19",137
"2026-02","1.0.",62
"2026-02","1.1.",53
"2026-02","1.2.",84
"2026-03","0.18",8
"2026-03","0.19",168
"2026-03","1.0.",50
"2026-03","1.1.",38
"2026-03","1.2.",166
"2026-04","0.17",1
"2026-04","0.18",9
"2026-04","0.19",173
"2026-04","1.0.",46
"2026-04","1.1.",38
"2026-04","1.2.",36
"2026-04","1.3.",153
"2026-05","0.18",11
"2026-05","0.19",132
"2026-05","1.0.",27
"2026-05","1.1.",29
"2026-05","1.2.",38
"2026-05","1.3.",119
"2026-05","1.4.",23
"2026-06","0.18",10
"2026-06","0.19",116
"2026-06","1.0.",47
"2026-06","1.1.",26
"2026-06","1.2.",32
"2026-06","1.3.",45
"2026-06","1.4.",89
"2026-06","1.5.",5
"2026-07","0.18",6
"2026-07","0.19",98
"2026-07","1.0.",34
"2026-07","1.1.",17
"2026-07","1.2.",12
"2026-07","1.3.",54
"2026-07","1.4.",26
"2026-07","1.5.",75
"2026-08","0.18",8
"2026-08","0.19",113
"2026-08","1.0.",29
"2026-08","1.1.",10
"2026-08","1.2.",9
"2026-08","1.3.",31
"2026-08","1.4.",12
"2026-08","1.5.",97
"2026-09","0.18",7
"2026-09","0.19",56
"2026-09","1.0.",19
"2026-09","1.1.",11
"2026-09","1.2.",11
"2026-09","1.3.",29
"2026-09","1.4.",15
"2026-09","1.5.",67
"2026-09","1.6.",36
"2026-09","1.7.",2
